Iteración,Parámetro,Valor probado,EDP,Energía,CPI,Leakage,RuntimeDynamic,¿Mejor configuración?,Configuración completa
1,l1i_size,32kB,2.0140105496666516,1.380857162022,1.458522,0.559522,0.387229,YES,"{""l1i_size"": ""32kB"", ""l1d_size"": ""64kB"", ""l2_size"": ""512kB"", ""fetch_width"": 4, ""commit_width"": 4, ""branch_predictor_type"": 10}"
2,l1i_size,64kB,2.017860486219461,1.384346260202,1.457627,0.562493,0.387233,NO,"{""l1i_size"": ""64kB"", ""l1d_size"": ""64kB"", ""l2_size"": ""512kB"", ""fetch_width"": 4, ""commit_width"": 4, ""branch_predictor_type"": 10}"
3,l1i_size,128kB,2.0271800242442115,1.390939335348,1.457418,0.567164,0.387222,NO,"{""l1i_size"": ""128kB"", ""l1d_size"": ""64kB"", ""l2_size"": ""512kB"", ""fetch_width"": 4, ""commit_width"": 4, ""branch_predictor_type"": 10}"
4,l1d_size,32kB,2.0214085340044647,1.38150033967,1.463198,0.556992,0.387173,NO,"{""l1i_size"": ""32kB"", ""l1d_size"": ""32kB"", ""l2_size"": ""512kB"", ""fetch_width"": 4, ""commit_width"": 4, ""branch_predictor_type"": 10}"
5,l1d_size,128kB,2.0279446135316945,1.390738725678,1.458178,0.566501,0.38725,NO,"{""l1i_size"": ""32kB"", ""l1d_size"": ""128kB"", ""l2_size"": ""512kB"", ""fetch_width"": 4, ""commit_width"": 4, ""branch_predictor_type"": 10}"
6,l2_size,256kB,1.9757901087256031,1.3526684896260002,1.460661,0.538811,0.387255,YES,"{""l1i_size"": ""32kB"", ""l1d_size"": ""64kB"", ""l2_size"": ""256kB"", ""fetch_width"": 4, ""commit_width"": 4, ""branch_predictor_type"": 10}"
7,l2_size,512kB,2.0140105496666516,1.380857162022,1.458522,0.559522,0.387229,NO,"{""l1i_size"": ""32kB"", ""l1d_size"": ""64kB"", ""l2_size"": ""512kB"", ""fetch_width"": 4, ""commit_width"": 4, ""branch_predictor_type"": 10}"
8,l2_size,1MB,2.0844546823957493,1.433431613198,1.454171,0.598563,0.387175,NO,"{""l1i_size"": ""32kB"", ""l1d_size"": ""64kB"", ""l2_size"": ""1MB"", ""fetch_width"": 4, ""commit_width"": 4, ""branch_predictor_type"": 10}"
9,fetch_width,2,2.3410119922262913,1.47163116512,1.59076,0.538788,0.386324,NO,"{""l1i_size"": ""32kB"", ""l1d_size"": ""64kB"", ""l2_size"": ""256kB"", ""fetch_width"": 2, ""commit_width"": 4, ""branch_predictor_type"": 10}"
10,fetch_width,6,1.9523250311856777,1.344681115807,1.451887,0.538833,0.387328,YES,"{""l1i_size"": ""32kB"", ""l1d_size"": ""64kB"", ""l2_size"": ""256kB"", ""fetch_width"": 6, ""commit_width"": 4, ""branch_predictor_type"": 10}"
11,commit_width,2,1.9574985153139581,1.346412875028,1.453862,0.538784,0.38731,NO,"{""l1i_size"": ""32kB"", ""l1d_size"": ""64kB"", ""l2_size"": ""256kB"", ""fetch_width"": 6, ""commit_width"": 2, ""branch_predictor_type"": 10}"
12,commit_width,6,1.9515645046226369,1.3444554702150002,1.451565,0.538881,0.38733,YES,"{""l1i_size"": ""32kB"", ""l1d_size"": ""64kB"", ""l2_size"": ""256kB"", ""fetch_width"": 6, ""commit_width"": 6, ""branch_predictor_type"": 10}"
13,branch_predictor_type,7,1.7900481481384634,1.28797121076,1.38982,0.538881,0.387837,YES,"{""l1i_size"": ""32kB"", ""l1d_size"": ""64kB"", ""l2_size"": ""256kB"", ""fetch_width"": 6, ""commit_width"": 6, ""branch_predictor_type"": 7}"
14,branch_predictor_type,10,1.9515645046226369,1.3444554702150002,1.451565,0.538881,0.38733,NO,"{""l1i_size"": ""32kB"", ""l1d_size"": ""64kB"", ""l2_size"": ""256kB"", ""fetch_width"": 6, ""commit_width"": 6, ""branch_predictor_type"": 10}"
15,l1i_size,64kB,1.7926994518319481,1.290992611974,1.388621,0.541853,0.387841,NO,"{""l1i_size"": ""64kB"", ""l1d_size"": ""64kB"", ""l2_size"": ""256kB"", ""fetch_width"": 6, ""commit_width"": 6, ""branch_predictor_type"": 7}"
16,l1i_size,128kB,1.8007115487272587,1.297113656975,1.388245,0.546524,0.387831,NO,"{""l1i_size"": ""128kB"", ""l1d_size"": ""64kB"", ""l2_size"": ""256kB"", ""fetch_width"": 6, ""commit_width"": 6, ""branch_predictor_type"": 7}"
17,l1d_size,32kB,1.7968233325021594,1.2885774574320001,1.394424,0.536352,0.387741,NO,"{""l1i_size"": ""32kB"", ""l1d_size"": ""32kB"", ""l2_size"": ""256kB"", ""fetch_width"": 6, ""commit_width"": 6, ""branch_predictor_type"": 7}"
18,l1d_size,128kB,1.8022755913804687,1.29718441125,1.389375,0.545861,0.387785,NO,"{""l1i_size"": ""32kB"", ""l1d_size"": ""128kB"", ""l2_size"": ""256kB"", ""fetch_width"": 6, ""commit_width"": 6, ""branch_predictor_type"": 7}"
19,l2_size,512kB,1.8242821491818497,1.3146577152,1.387648,0.559592,0.387808,NO,"{""l1i_size"": ""32kB"", ""l1d_size"": ""64kB"", ""l2_size"": ""512kB"", ""fetch_width"": 6, ""commit_width"": 6, ""branch_predictor_type"": 7}"
20,l2_size,1MB,1.8874311369756458,1.3644557245800002,1.383285,0.598633,0.387755,NO,"{""l1i_size"": ""32kB"", ""l1d_size"": ""64kB"", ""l2_size"": ""1MB"", ""fetch_width"": 6, ""commit_width"": 6, ""branch_predictor_type"": 7}"
21,fetch_width,2,2.1678536858137947,1.41650991383,1.530419,0.538836,0.386734,NO,"{""l1i_size"": ""32kB"", ""l1d_size"": ""64kB"", ""l2_size"": ""256kB"", ""fetch_width"": 2, ""commit_width"": 6, ""branch_predictor_type"": 7}"
22,fetch_width,4,1.8125725413924336,1.2959813968099998,1.39861,0.538859,0.387762,NO,"{""l1i_size"": ""32kB"", ""l1d_size"": ""64kB"", ""l2_size"": ""256kB"", ""fetch_width"": 4, ""commit_width"": 6, ""branch_predictor_type"": 7}"
23,commit_width,2,1.7949093878185933,1.2896381773860002,1.391793,0.538784,0.387818,NO,"{""l1i_size"": ""32kB"", ""l1d_size"": ""64kB"", ""l2_size"": ""256kB"", ""fetch_width"": 6, ""commit_width"": 2, ""branch_predictor_type"": 7}"
24,commit_width,4,1.7903888374741068,1.288059716641,1.389989,0.538833,0.387836,NO,"{""l1i_size"": ""32kB"", ""l1d_size"": ""64kB"", ""l2_size"": ""256kB"", ""fetch_width"": 6, ""commit_width"": 4, ""branch_predictor_type"": 7}"
25,branch_predictor_type,10,1.9515645046226369,1.3444554702150002,1.451565,0.538881,0.38733,NO,"{""l1i_size"": ""32kB"", ""l1d_size"": ""64kB"", ""l2_size"": ""256kB"", ""fetch_width"": 6, ""commit_width"": 6, ""branch_predictor_type"": 10}"
